workerid,prolific_participant_id
173,5f9c9e203d44de174d8f4f6c
172,614d673e3a5fd5cb2b5b6eb7
289,5f1215c24862ae13032bad4e
548,5fc803709e587e1295172443
314,5f525cd7d4ac644f3330116c
438,559c3ad8fdf99b32b55f2d32
342,610c2fa7717e1d1e00446de8
464,5ee256134d95f435aa78964e
502,5712a503ba4da20011c0132f
308,60dc7f6284bb57d5770810c7
318,6159d4026fd4e22c9f1179c1
288,5f0824c20111ee2397be13ef
399,61683cf86f84dcb24a0be9d3
268,6006c3373a03ec05a6868f7d
220,6151b5ac7510be42d379540b
431,5c6f459b398a230001bb0031
543,61466071ebab9582b29bd7c8
234,5fc0c49264908d09e94c8cd7
569,5edf9f945600b52832384409
170,5e52148e9a302e245eb71caf
534,5eaf2b7e05ff7862e21e9d3b
551,6112e8144698d4cb4141d3f7
185,6075286560a96bfb1d481f1a
463,5ec6d423fc10270f0bbbc90e
450,60867728bc9f530e7afdd83a
348,6134f34ee14b19d485d4502f
269,61524acf44d954b0da2310a9
179,6101dc22792e9c78fabb1eff
337,5e445469951000017c34358e
169,60fd8d0cb609890e38b8dc90
572,60fdf16ab2af77d34e4014b5
462,60fe369a016507fda9fb664b
216,594425f07ccfd00001d3f462
181,60cbc230d7a13118f4ca0713
162,60fcf03d03c5e1b16eb34258
556,5df961cb53e8466f17606ae1
207,5f60fa0a0543ce036fa68ba0
227,5e5c6b9c8ce757449e4a6dc1
323,5589c7cefdf99b18bd86cf31
224,6011d7d9f9361d1b2455fed8
573,5c567e2acc53750001751cb0
248,61085ff42440de95b3199d3f
381,5e3cc28a194a520c0c128f13
180,60fe46c3d51289d415106710
349,59ea635d24d7bf00012f139b
254,5dea5ba4446c901777bde897
219,611274328171d2115806b073
430,61004d4bb89c9cd65486e8dd
494,5c3ffeedc2d0b700017d0d5e
282,53a9a1a6fdf99b5cf1a36ee0
555,5beaed3f0af61d0001968d9a
259,5c52c825ea00280001fce29d
309,5fb002788656283286521c96
387,5be3237a3193e90001798302
552,60fefd6de6b470fd133b7d5d
487,6093352bbe7fa5d5483fa970
271,606ce0f75b8d0912f0c4f866
521,5da88646fed6090012e5effd
559,5f81c992a0cd54099ebcfe6a
454,60a89e4018424e53824f0658
378,5ea5af918f52a85a290fbf18
535,5bddc463712eb800010d2e4d
480,60ff00724a2eed38d68336af
395,5f55657e44ceb094799c39c5
230,5c10724111fe9a00013cd815
352,5d1555fe628de0001966c2fa
570,5eaf1a2c649fd108284c2b5f
171,5dda0ff6c23e0d97bc6af78f
390,5484739ffdf99b0379939c95
564,5d55d562e04e1c0001f5e682
366,5622e62bed6e5a0011c807b3
525,612e91f6654fd2227289c863
437,5a9c8551f053610001720820
476,611b1d3794ac948af7e57e7a
428,5dd33f6b2091e93579973754
562,5e83d36b6d7daf107aea7a7c
312,615df4a8253f3bfee4097f9e
197,6150fb05abbdeab821d4a859
540,601991eca575400d9ad37546
201,5dd0d2f02b033b190687eaee
482,60fe1b8f13af826b76aee641
409,61002ca71733afe00bb724cb
459,60fee6ac4251e521b4546f1d
475,5c284ae48e845b0001fc40aa
547,612a5744ab67e0bc1b93dd8b
343,5f98c3f8f2d9be1e75e21709
470,5c6dbe4e2584880001b3c587
493,6142c66b43a1b26a484b3d1f
529,60d50ceb7c563c73f91d9ec5
488,5f7d3538b89b0f20774c0921
327,60ee1a222867cc0eb00d3634
435,606df53de4b0550a5f42fefe
223,610851ae0b6b2e2414c9494f
578,5c23c03889f035000173d7d7
329,5dcf1477a9ead006806158f2
453,5a9c44d2f05361000172055b
186,60febf9b481b65a36fd8a083
189,5e8776785655280879ad29fc
330,61006238f3d090c9bdf0071b
508,5fefa70c30cadfb105b65915
461,60ff346f3f035109a4a49a5c
209,597a66525ea29d000126efbe
520,6153d403a0e77460403f5a37
484,612274842d4805447451f87b
406,61159e0cf280bb9d1bae2a7c
243,5bf1c811f5e4460001e03b88
526,615416a123f5d131c4185f85
565,6104312c45e34d934bd27512
305,60febf58549ef9280776efec
286,611db293a6a5db20c47ab430
351,60c388cea1ebf90c5c7995a7
368,5e28f6f3a9af590c5b97b2b9
229,5f1230c4f57b2f06e2465477
313,60fe600aa6b42c3ded5a2f2e
386,5deb341d35575a2547b1f85a
416,5f9b38a3e8bb2a1c4db0515e
546,6109ce2fba7a2db7d76c96d2
183,5c5219d7823a35000128d460
410,60feea062ee3beca85498ac8
240,60d91d55624b027138fca55a
239,59c3f1de8e6ea10001f7b9f4
478,5b112baa9663ee000145eed2
537,5dacf17a6f11e500163e3bc4
519,5e9f324c7a996d0aa2ff651e
496,61362d6948d613a7ac12f5c5
270,5b32c63da8327d0001002779
385,615b6997b0d5ee688153d13c
334,5f9b58e0c568de202e7db34f
353,60bd3949b6f6d9c3453e8def
300,5b97386d8e5b7b00010e1a8e
561,5daf9e6815dc35001498cd77
581,5928b05e590f0b000126edb8
533,5fb3cb99e76cea00085d02c6
531,610c493e1c34f817b0f56a7e
549,5b0495e0b98c410001adb589
362,5f9b1d874c53722e435e820b
167,5fb0195bd0a22f3783170168
281,60e5868307d715a4d1445116
580,614f58eb680c4b7c505e8030
196,6100ad3174a06d6fb34718ce
159,59ea2d5a7f3d71000171e0a9
311,60e8a63f733f423be3da1846
408,5eb19fab4606ca2cc2309390
284,56997f9e25d9e9000cb09455
483,5e3d8d90de328d044e7c6ffb
511,5f81ead00afba52e71dcf414
256,609f58e8af0f5f3acedd9806
424,5c3f6515f26c920001bba5d7
261,6102e1d6c967025e911d573c
504,5e2e4482d5947f42d3d6d1fd
345,5e8537fe23609011fe987ca7
500,61108719ddb956bd0e94733d
194,60fece2d5bb9349d87c4f316
255,61006c4980155934192a124f
191,5910a67f5a530d00011f9561
373,610369c18941310022905210
419,58cf0095a2ea98000191c861
260,5f1338a87447d0308e865fd0
392,5f9c755c87a954121022de9e
241,5f5290b77622e2567df4686b
333,613bb6c0a9d1fb69831f26f4
233,60be8b1a26f12a0bf9e0c35a
357,564d4918b48dec0005b51a1d
452,6117ba4fd05245c3cc387782
499,60fe100a5eb6a76d53ac0973
304,61008053a174bf7b075c75ff
545,612921398e73bafab73eeaec
331,60fe2a29a1fc66aa8f5fd5fd
157,611152abbd9be52a5d961d1a
278,5aabd17644adc700014c8621
481,5aecad0e75deca000162634c
231,5f4694488276ea02540ea650
297,615ddfac4254098aac0104f6
524,56a68bb49ce1c0000df89344
401,60fdc6868c586b87a92a6557
344,5c0e8c65a2f251000137e916
296,5f4d92a4584ab6064be44ce5
257,60fd80b85dd6b22f66d16822
317,5b46b3dd74d69400016e8947
440,5f11e883afd70a0d94572e6a
174,5f2993920dddf60b87611e5c
380,58c06b9ca1a2470001cd1ba3
495,5f4ad685a1429a13599bfb44
407,615f53ad232cbba59dcd9b45
160,5589a205fdf99b7ae47f60c2
202,6110c723883f94fcb77837a8
505,5ff21e8299e7cf6d2d1a7f13
215,60d22b95ea12a89273fde27d
237,6108afcf86f7bed4f9d194a6
332,5ef0a57934472c0fe684eb2c
434,58cefdb030c4cf0001ceb3ac
536,5ee2d96eac3291203650f16e
391,5f221ff61723a94977c920eb
460,5dd31871c5faa232d3c20365
490,601659f688f6997edd29470d
276,565bbc1ec121fe0012fc3782
471,60c6cd8bacdf5d1f27924048
491,60ff0ff28636a214aed9a72e
477,60fb7a0061992332919f196a
306,5c205371da51990001e17313
469,61083ecdd1be9b22e7caf4cf
176,6100b455dae8ff7894e5df7b
501,5f500550ad48ba16ff920279
225,58afadc49f78e200018fa48d
293,60fd63b8d96491b3d955996d
530,60fcc2705f7a460f6dd24732
252,5dcc27974b54778b69e62ec5
404,60fce0bedbae8b8996c93203
320,5fca71b825a13f68aced29c8
161,5e83863953a1550ccd406ded
528,5783f7dd25cb7100012884a7
218,5788cc99c9abeb0001af20a7
418,6063d623d077c3530c8ea015
214,61435c7574b97803fe574723
421,60fcd788ba9a55f224ca36dd
388,5fe4394bc5f99b194c31318b
310,5f69ca3d8c30bb0008f456b5
326,55a56724fdf99b7973398109
217,5ea6481107183a65a9582902
205,5efceba5fe36e910d5148a94
473,5d1e5ece2e9ac30016b522c5
518,58d7896b4240e5000118f705
489,60fdebdfa567ee0a0ac0a979
287,5e84ecf6ecf1c00c1b3a1e10
359,5e8b26333b649e7e930cae08
486,61017dbbf8b1afba48b7822e
558,5d671936b5671a0017326ace
567,61087c67d84b0fe90155618d
560,5de87c376522177f4f41cbd2
538,5f17f15f9292691b52d7d48d
295,5e3753e214f39d6dbf4c4393
164,5f1292bf37bb871f595b147e
393,60ff1017a8112977636bed16
275,611dc2aa1fc10219eee187cc
356,614f64f2645e6cdc8bdfae8e
426,5726570ef2a83f000f6aea6d
198,60fcf07bc4c3d078a627a058
377,58a623e90da7f10001de8553
544,6111487d928672ed8b815cae
322,5e238c0a415cc263c2afd470
414,60ff33cc6af4b3d6fd134965
442,61081f25a115a7d73dfbc0ea
221,615a19ff626bbb3b03de628f
200,5e9cef3a035d9021d21b24dd
245,5f54285202bbe6169acde195
389,5d34de398f657e00150dd0d5
474,6107f384115be822999c10b9
405,61566cb36027fa2479dc5a1d
403,577443eef8f7ed00014b4842
382,57027c1f68c641000e0c8970
443,61088dd12254a40e38ed6015
211,60fd26adb420a9033cc963eb
163,60fdf4e3eaf6ee70746dc84e
372,5ff89d666bab930e7c5f0c52
539,5f1299c223b6b61effd039f1
291,603bef3bffe72f8b0a6b55c4
542,5a6f60e4efd3a7000120f057
432,5c239f96da51990001e21d97
503,600f4361d8ad4b1021236a24
298,5b690c1840003400016fdb4b
458,5c55b95b91c0ad0001cf86ab
371,60fe3ebe79bcffa30c2aef75
429,60fe69d5e6bbc62a68016abd
361,60d7558fd3a01169626ae963
354,610031219528d33c3353a294
365,5cb3401c466ba1000125ed49
212,5fb9c7061f7e248d487da99b
208,5765c0fcf2e23200017ded5e
413,5feecce4e7fadb1c2f72f112
457,5e83b43765a5720e30b71b37
517,6110de9b4f5ac5a4399c7b46
441,5a6b998a3fb6420001c2f97a
251,603fc26dbec2a20da468923f
444,5d6f332829c25100188a4a27
294,56b10ae86399f9000ad8d987
383,5d755c5f5625b90001fa3f26
579,56d39b96da2aaa000dab6178
563,5da94e9971a51b0011316f65
280,5c7ff19c9c3fc00016f4ecb5
235,60b62f3f405ea95e4b988ff9
575,5a08c9a7f2e3460001edb063
250,5ea34e17fe333e2c07e7714c
166,60fd7038d89ffda7d026cbed
498,5fc6e3a0040c3f0e7cb45c8a
336,60430fc782b5752a7ae8d797
412,60871d664054c52f5b2741ae
228,60d65f765bb5e73e308a1ea2
232,60f0e8abaab54c25d3435b9b
253,6171da4573cf08b98b35ed1a
425,611166275bab9f7f4c6287fd
497,614e2cd1989a33f47e767420
550,5e38e79295ff561112eae457
577,614f345438466e99f20c3514
394,616cf9ae07c1c6bd05d95beb
299,60c68cc31b1705b7b805966f
417,5bd06dfc93c2130001c70c68
466,5cd107e3c497de00161a0d76
242,60fe1f158c395adbe33e6c84
523,611bd81e48f3e71061c13908
513,609aaf17095901cfa11e2680
446,5ab09384e1546900019b154c
456,614a68ee09e5c10bad86486f
195,5bc8897f462bdb0001a61426
576,60ff2abb91918f642ca8cad2
244,610090b467de7ccf45e2e532
206,60fe5c135c0a1d0268bddc20
455,5f8294b2cbb5313c3d45f531
267,5febb30450a719c947d89794
265,5c506a7b8ac59200014d05da
449,61087b35fb326cf69c073aff
204,61017c82f249ee18efea4097
178,61207b24826a4ecfa13663df
187,5fa5f82f6602901df8cdc1dc
238,5ff5ef535f93d30da43f87ef
509,5f123d2f9926a1193a114e68
301,610351d1a02b333afb228528
307,5f9bad3d65e5133ce9929b2b
516,60fddca5d7936b5e07c394a2
346,5be76e0505e5cd00017a1f8e
364,5c9a84805842b70015808219
468,611087db754dae727592763b
247,56169e435c62cf000f822c76
321,614e96b60c5e8fa053d707f9
522,550bb70bfdf99b6853dab45e
510,537cc438fdf99b2274df9aae
192,61004c508193fa5cad72a800
302,5f5e94db52a921753fabaddd
285,6111c95309571f2e5a12b0c7
566,586372cae16d530001b345b8
402,565c9590ba63db000f1cd53f
397,61085df762ade24892b6fb01
376,610452dcb27cefa507bd5654
341,61042ac491305753cd36f6fa
415,60fdf6d816eb4e1216396a99
574,610013cef98672c7216d4eea
316,6100b62a7eb061119bbc62ad
315,5fc1e71eff237c1f8708ef5a
506,61080e427da5813c9ecceae1
319,60ff35391f843f3efdbb5973
439,600d2374fc62894e74517f13
370,5f4849042648171ef6c2cdf8
182,5cc0b8168d25ab001796b8fe
422,5e2721b01160079464059b5c
445,5fd64bbdd15e6e51f34215fc
375,5ef0d115ebe9a70ee13bcd52
258,5e4b33427f4cef051124ed9f
158,60ffaeb9bf2cd2e7b09e0b66
264,60ff249312d8df494c4d7099
203,6098ac48eb0f3601f32c79e1
447,5d384f7d3e880c00016d9080
355,6175cd9f8287243b3b230c34
324,5c48f00f37da740001e8969c
427,60ff46310ae1809cbbd2240a
515,5ee6706034f12e3d82d952aa
350,5ff34b3430cadf0e068cad6e
290,613e319d0abcddc7d722ff2b
273,5b2669ae0ec82d0001d20b40
210,5d9a90db9fcbb7032d1bbe62
433,5e6fdf798122f5000896ba69
193,60fd444309e999dd905f78f8
507,5be879272b86b00001b9d0e2
184,612d68e3c29fe8ce86a5d841
423,5b646a727c39ee00010a18b0
436,5a6380d463394a00015556f9
283,60fd63ad782759eb85052b52
374,5a78ca07b093f80001a764f6
328,5e77b301a4d61d32c335e5bf
279,60fef0f40629e4b5119b306b
465,60ff1ebfad88da829641f955
246,5fb458f3a3656e14673904af
358,6121baaca5b2fc87b0c8e612
411,60c146c9e1f6e39e397afa26
338,5dcdef4dd30a0e0acb5b6fba
485,61084109d30c258c50ea54fd
277,5e46bda46041fc18bf68996f
467,5b26da1934ffd00001b45d8d
335,60fda6cfd41ecb90b60b5136
222,61087bea0a189cb58e7b32e8
541,5e8fe8d442c6430009b9ffe5
396,616829d7504e0346ff2b51df
557,5dcae5f05b73eb7c6150d33f
420,5c476621b521ee00019abf67
347,60fef1fb6485e6bd5c73e0ab
512,611d992c4eeb31ade622ee30
292,5bf5f40635087500014257fe
249,61bb38fd40db417c1a138d6d
369,6151d31b87f9d831c3c3993b
226,5d1f56509b5c2a00014bb17d
303,6137ffe381f737df80faac79
398,5e59408374c953142db0510b
568,5c33ccf9377d960001044af0
514,5a6d4c08e6cc4a0001b6c4f6
479,5e45f4cbbc594a0dc5429501
165,6033e0406715b1000b857a91
272,58a2788898124900015923bf
168,6108386c2ae1951734e1ca2b
571,5e0d256753e8464d64940925
451,5920b1f62b529b00013f3214
527,5d4387850aa3ad0001e222a3
448,608e2cb9067eb028500433d5
199,600df962469bae625a037623
